<?xml version="1.0" encoding="UTF-8"?>
<project xmlns="http://maven.apache.org/POM/4.0.0" xmlns:xsi="http://www.w3.org/2001/XMLSchema-instance" xsi:schemaLocation="http://maven.apache.org/POM/4.0.0 http://maven.apache.org/maven-v4_0_0.xsd">
  <modelVersion>4.0.0</modelVersion>
  <groupId>com.amazonaws.serverless.sample</groupId>
  <artifactId>serverless-spring-example</artifactId>
  <name>Spring example for the aws-serverless-java-container library</name>
  <version>1.0-SNAPSHOT</version>
  <description>Simple pet store written with the Spring framework</description>
  <url>https://aws.amazon.com/lambda/</url>
  <licenses>
    <license>
      <name>The Apache Software License, Version 2.0</name>
      <url>http://www.apache.org/licenses/LICENSE-2.0.txt</url>
      <distribution>repo</distribution>
    </license>
  </licenses>
  <scm>
    <url>https://github.com/awslabs/aws-serverless-java-container.git</url>
  </scm>
  <build>
    <finalName>${project.artifactId}</finalName>
    <plugins>
      <plugin>
        <artifactId>maven-shade-plugin</artifactId>
        <version>2.4.3</version>
        <executions>
          <execution>
            <phase>package</phase>
            <goals>
              <goal>shade</goal>
            </goals>
            <configuration>
              <transformers>
                <transformer />
              </transformers>
            </configuration>
          </execution>
        </executions>
        <dependencies>
          <dependency>
            <groupId>com.github.edwgiz</groupId>
            <artifactId>maven-shade-plugin.log4j2-cachefile-transformer</artifactId>
            <version>2.8.1</version>
          </dependency>
        </dependencies>
      </plugin>
    </plugins>
  </build>
  <dependencies>
    <dependency>
      <groupId>com.amazonaws</groupId>
      <artifactId>aws-java-sdk</artifactId>
      <version>1.11.106</version>
      <scope>provided</scope>
      <exclusions>
        <exclusion>
          <artifactId>aws-java-sdk-pinpoint</artifactId>
          <groupId>com.amazonaws</groupId>
        </exclusion>
        <exclusion>
          <artifactId>aws-java-sdk-xray</artifactId>
          <groupId>com.amazonaws</groupId>
        </exclusion>
        <exclusion>
          <artifactId>aws-java-sdk-opsworkscm</artifactId>
          <groupId>com.amazonaws</groupId>
        </exclusion>
        <exclusion>
          <artifactId>aws-java-sdk-support</artifactId>
          <groupId>com.amazonaws</groupId>
        </exclusion>
        <exclusion>
          <artifactId>aws-java-sdk-simpledb</artifactId>
          <groupId>com.amazonaws</groupId>
        </exclusion>
        <exclusion>
          <artifactId>aws-java-sdk-servicecatalog</artifactId>
          <groupId>com.amazonaws</groupId>
        </exclusion>
        <exclusion>
          <artifactId>aws-java-sdk-servermigration</artifactId>
          <groupId>com.amazonaws</groupId>
        </exclusion>
        <exclusion>
          <artifactId>aws-java-sdk-simpleworkflow</artifactId>
          <groupId>com.amazonaws</groupId>
        </exclusion>
        <exclusion>
          <artifactId>aws-java-sdk-storagegateway</artifactId>
          <groupId>com.amazonaws</groupId>
        </exclusion>
        <exclusion>
          <artifactId>aws-java-sdk-route53</artifactId>
          <groupId>com.amazonaws</groupId>
        </exclusion>
        <exclusion>
          <artifactId>aws-java-sdk-s3</artifactId>
          <groupId>com.amazonaws</groupId>
        </exclusion>
        <exclusion>
          <artifactId>aws-java-sdk-importexport</artifactId>
          <groupId>com.amazonaws</groupId>
        </exclusion>
        <exclusion>
          <artifactId>aws-java-sdk-sts</artifactId>
          <groupId>com.amazonaws</groupId>
        </exclusion>
        <exclusion>
          <artifactId>aws-java-sdk-sqs</artifactId>
          <groupId>com.amazonaws</groupId>
        </exclusion>
        <exclusion>
          <artifactId>aws-java-sdk-rds</artifactId>
          <groupId>com.amazonaws</groupId>
        </exclusion>
        <exclusion>
          <artifactId>aws-java-sdk-redshift</artifactId>
          <groupId>com.amazonaws</groupId>
        </exclusion>
        <exclusion>
          <artifactId>aws-java-sdk-elasticbeanstalk</artifactId>
          <groupId>com.amazonaws</groupId>
        </exclusion>
        <exclusion>
          <artifactId>aws-java-sdk-glacier</artifactId>
          <groupId>com.amazonaws</groupId>
        </exclusion>
        <exclusion>
          <artifactId>aws-java-sdk-iam</artifactId>
          <groupId>com.amazonaws</groupId>
        </exclusion>
        <exclusion>
          <artifactId>aws-java-sdk-datapipeline</artifactId>
          <groupId>com.amazonaws</groupId>
        </exclusion>
        <exclusion>
          <artifactId>aws-java-sdk-elasticloadbalancing</artifactId>
          <groupId>com.amazonaws</groupId>
        </exclusion>
        <exclusion>
          <artifactId>aws-java-sdk-elasticloadbalancingv2</artifactId>
          <groupId>com.amazonaws</groupId>
        </exclusion>
        <exclusion>
          <artifactId>aws-java-sdk-emr</artifactId>
          <groupId>com.amazonaws</groupId>
        </exclusion>
        <exclusion>
          <artifactId>aws-java-sdk-elasticache</artifactId>
          <groupId>com.amazonaws</groupId>
        </exclusion>
        <exclusion>
          <artifactId>aws-java-sdk-elastictranscoder</artifactId>
          <groupId>com.amazonaws</groupId>
        </exclusion>
        <exclusion>
          <artifactId>aws-java-sdk-ec2</artifactId>
          <groupId>com.amazonaws</groupId>
        </exclusion>
        <exclusion>
          <artifactId>aws-java-sdk-dynamodb</artifactId>
          <groupId>com.amazonaws</groupId>
        </exclusion>
        <exclusion>
          <artifactId>aws-java-sdk-sns</artifactId>
          <groupId>com.amazonaws</groupId>
        </exclusion>
        <exclusion>
          <artifactId>aws-java-sdk-budgets</artifactId>
          <groupId>com.amazonaws</groupId>
        </exclusion>
        <exclusion>
          <artifactId>aws-java-sdk-cloudtrail</artifactId>
          <groupId>com.amazonaws</groupId>
        </exclusion>
        <exclusion>
          <artifactId>aws-java-sdk-cloudwatch</artifactId>
          <groupId>com.amazonaws</groupId>
        </exclusion>
        <exclusion>
          <artifactId>aws-java-sdk-logs</artifactId>
          <groupId>com.amazonaws</groupId>
        </exclusion>
        <exclusion>
          <artifactId>aws-java-sdk-events</artifactId>
          <groupId>com.amazonaws</groupId>
        </exclusion>
        <exclusion>
          <artifactId>aws-java-sdk-cognitoidentity</artifactId>
          <groupId>com.amazonaws</groupId>
        </exclusion>
        <exclusion>
          <artifactId>aws-java-sdk-cognitosync</artifactId>
          <groupId>com.amazonaws</groupId>
        </exclusion>
        <exclusion>
          <artifactId>aws-java-sdk-directconnect</artifactId>
          <groupId>com.amazonaws</groupId>
        </exclusion>
        <exclusion>
          <artifactId>aws-java-sdk-cloudformation</artifactId>
          <groupId>com.amazonaws</groupId>
        </exclusion>
        <exclusion>
          <artifactId>aws-java-sdk-cloudfront</artifactId>
          <groupId>com.amazonaws</groupId>
        </exclusion>
        <exclusion>
          <artifactId>aws-java-sdk-clouddirectory</artifactId>
          <groupId>com.amazonaws</groupId>
        </exclusion>
        <exclusion>
          <artifactId>aws-java-sdk-kinesis</artifactId>
          <groupId>com.amazonaws</groupId>
        </exclusion>
        <exclusion>
          <artifactId>aws-java-sdk-opsworks</artifactId>
          <groupId>com.amazonaws</groupId>
        </exclusion>
        <exclusion>
          <artifactId>aws-java-sdk-ses</artifactId>
          <groupId>com.amazonaws</groupId>
        </exclusion>
        <exclusion>
          <artifactId>aws-java-sdk-autoscaling</artifactId>
          <groupId>com.amazonaws</groupId>
        </exclusion>
        <exclusion>
          <artifactId>aws-java-sdk-cloudsearch</artifactId>
          <groupId>com.amazonaws</groupId>
        </exclusion>
        <exclusion>
          <artifactId>aws-java-sdk-cloudwatchmetrics</artifactId>
          <groupId>com.amazonaws</groupId>
        </exclusion>
        <exclusion>
          <artifactId>aws-java-sdk-codedeploy</artifactId>
          <groupId>com.amazonaws</groupId>
        </exclusion>
        <exclusion>
          <artifactId>aws-java-sdk-codepipeline</artifactId>
          <groupId>com.amazonaws</groupId>
        </exclusion>
        <exclusion>
          <artifactId>aws-java-sdk-kms</artifactId>
          <groupId>com.amazonaws</groupId>
        </exclusion>
        <exclusion>
          <artifactId>aws-java-sdk-config</artifactId>
          <groupId>com.amazonaws</groupId>
        </exclusion>
        <exclusion>
          <artifactId>aws-java-sdk-lambda</artifactId>
          <groupId>com.amazonaws</groupId>
        </exclusion>
        <exclusion>
          <artifactId>aws-java-sdk-ecs</artifactId>
          <groupId>com.amazonaws</groupId>
        </exclusion>
        <exclusion>
          <artifactId>aws-java-sdk-ecr</artifactId>
          <groupId>com.amazonaws</groupId>
        </exclusion>
        <exclusion>
          <artifactId>aws-java-sdk-cloudhsm</artifactId>
          <groupId>com.amazonaws</groupId>
        </exclusion>
        <exclusion>
          <artifactId>aws-java-sdk-ssm</artifactId>
          <groupId>com.amazonaws</groupId>
        </exclusion>
        <exclusion>
          <artifactId>aws-java-sdk-workspaces</artifactId>
          <groupId>com.amazonaws</groupId>
        </exclusion>
        <exclusion>
          <artifactId>aws-java-sdk-machinelearning</artifactId>
          <groupId>com.amazonaws</groupId>
        </exclusion>
        <exclusion>
          <artifactId>aws-java-sdk-directory</artifactId>
          <groupId>com.amazonaws</groupId>
        </exclusion>
        <exclusion>
          <artifactId>aws-java-sdk-efs</artifactId>
          <groupId>com.amazonaws</groupId>
        </exclusion>
        <exclusion>
          <artifactId>aws-java-sdk-codecommit</artifactId>
          <groupId>com.amazonaws</groupId>
        </exclusion>
        <exclusion>
          <artifactId>aws-java-sdk-devicefarm</artifactId>
          <groupId>com.amazonaws</groupId>
        </exclusion>
        <exclusion>
          <artifactId>aws-java-sdk-elasticsearch</artifactId>
          <groupId>com.amazonaws</groupId>
        </exclusion>
        <exclusion>
          <artifactId>aws-java-sdk-waf</artifactId>
          <groupId>com.amazonaws</groupId>
        </exclusion>
        <exclusion>
          <artifactId>aws-java-sdk-marketplacecommerceanalytics</artifactId>
          <groupId>com.amazonaws</groupId>
        </exclusion>
        <exclusion>
          <artifactId>aws-java-sdk-inspector</artifactId>
          <groupId>com.amazonaws</groupId>
        </exclusion>
        <exclusion>
          <artifactId>aws-java-sdk-iot</artifactId>
          <groupId>com.amazonaws</groupId>
        </exclusion>
        <exclusion>
          <artifactId>aws-java-sdk-api-gateway</artifactId>
          <groupId>com.amazonaws</groupId>
        </exclusion>
        <exclusion>
          <artifactId>aws-java-sdk-acm</artifactId>
          <groupId>com.amazonaws</groupId>
        </exclusion>
        <exclusion>
          <artifactId>aws-java-sdk-gamelift</artifactId>
          <groupId>com.amazonaws</groupId>
        </exclusion>
        <exclusion>
          <artifactId>aws-java-sdk-dms</artifactId>
          <groupId>com.amazonaws</groupId>
        </exclusion>
        <exclusion>
          <artifactId>aws-java-sdk-marketplacemeteringservice</artifactId>
          <groupId>com.amazonaws</groupId>
        </exclusion>
        <exclusion>
          <artifactId>aws-java-sdk-cognitoidp</artifactId>
          <groupId>com.amazonaws</groupId>
        </exclusion>
        <exclusion>
          <artifactId>aws-java-sdk-discovery</artifactId>
          <groupId>com.amazonaws</groupId>
        </exclusion>
        <exclusion>
          <artifactId>aws-java-sdk-applicationautoscaling</artifactId>
          <groupId>com.amazonaws</groupId>
        </exclusion>
        <exclusion>
          <artifactId>aws-java-sdk-snowball</artifactId>
          <groupId>com.amazonaws</groupId>
        </exclusion>
        <exclusion>
          <artifactId>aws-java-sdk-rekognition</artifactId>
          <groupId>com.amazonaws</groupId>
        </exclusion>
        <exclusion>
          <artifactId>aws-java-sdk-polly</artifactId>
          <groupId>com.amazonaws</groupId>
        </exclusion>
        <exclusion>
          <artifactId>aws-java-sdk-lightsail</artifactId>
          <groupId>com.amazonaws</groupId>
        </exclusion>
        <exclusion>
          <artifactId>aws-java-sdk-stepfunctions</artifactId>
          <groupId>com.amazonaws</groupId>
        </exclusion>
        <exclusion>
          <artifactId>aws-java-sdk-health</artifactId>
          <groupId>com.amazonaws</groupId>
        </exclusion>
        <exclusion>
          <artifactId>aws-java-sdk-costandusagereport</artifactId>
          <groupId>com.amazonaws</groupId>
        </exclusion>
        <exclusion>
          <artifactId>aws-java-sdk-codebuild</artifactId>
          <groupId>com.amazonaws</groupId>
        </exclusion>
        <exclusion>
          <artifactId>aws-java-sdk-appstream</artifactId>
          <groupId>com.amazonaws</groupId>
        </exclusion>
        <exclusion>
          <artifactId>aws-java-sdk-shield</artifactId>
          <groupId>com.amazonaws</groupId>
        </exclusion>
        <exclusion>
          <artifactId>aws-java-sdk-batch</artifactId>
          <groupId>com.amazonaws</groupId>
        </exclusion>
        <exclusion>
          <artifactId>aws-java-sdk-lex</artifactId>
          <groupId>com.amazonaws</groupId>
        </exclusion>
        <exclusion>
          <artifactId>aws-java-sdk-mechanicalturkrequester</artifactId>
          <groupId>com.amazonaws</groupId>
        </exclusion>
        <exclusion>
          <artifactId>aws-java-sdk-organizations</artifactId>
          <groupId>com.amazonaws</groupId>
        </exclusion>
        <exclusion>
          <artifactId>aws-java-sdk-workdocs</artifactId>
          <groupId>com.amazonaws</groupId>
        </exclusion>
        <exclusion>
          <artifactId>aws-java-sdk-core</artifactId>
          <groupId>com.amazonaws</groupId>
        </exclusion>
        <exclusion>
          <artifactId>aws-java-sdk-models</artifactId>
          <groupId>com.amazonaws</groupId>
        </exclusion>
        <exclusion>
          <artifactId>aws-java-sdk-swf-libraries</artifactId>
          <groupId>com.amazonaws</groupId>
        </exclusion>
      </exclusions>
    </dependency>
  </dependencies>
  <properties>
    <spring.version>4.3.4.RELEASE</spring.version>
    <jackson.version>2.8.4</jackson.version>
    <maven.compiler.source>1.8</maven.compiler.source>
    <maven.compiler.target>1.8</maven.compiler.target>
  </properties>
</project>

